<?xml version="1.0" encoding="UTF-8"?>
<project-private xmlns="http://www.netbeans.org/ns/project-private/1">
    <editor-bookmarks xmlns="http://www.netbeans.org/ns/editor-bookmarks/2" lastBookmarkId="1">
        <file>
            <url>src/groepg/opdracht1/verzamelapp/Bierdopje.java</url>
            <bookmark id="1">
                <name/>
                <line>12</line>
                <key/>
            </bookmark>
        </file>
    </editor-bookmarks>
    <open-files xmlns="http://www.netbeans.org/ns/projectui-open-files/2">
        <group>
            <file>file:/C:/Users/gebruiker-pc/Documents/GitHub/JCC_GroepG_PimJanissen_JeroenJanssen/GroepG.Opdracht1.VerzamelApp/src/groepg/opdracht1/verzamelapp/Main.java</file>
            <file>file:/C:/Users/gebruiker-pc/Documents/GitHub/JCC_GroepG_PimJanissen_JeroenJanssen/GroepG.Opdracht1.VerzamelApp/src/groepg/opdracht1/verzamelapp/Set.java</file>
            <file>file:/C:/Users/gebruiker-pc/Documents/GitHub/JCC_GroepG_PimJanissen_JeroenJanssen/GroepG.Opdracht1.VerzamelApp/src/groepg/opdracht1/verzamelapp/Bierdopje.java</file>
            <file>file:/C:/Users/gebruiker-pc/Documents/GitHub/JCC_GroepG_PimJanissen_JeroenJanssen/GroepG.Opdracht1.VerzamelApp/src/groepg/opdracht1/verzamelapp/Postzegel.java</file>
            <file>file:/C:/Users/gebruiker-pc/Documents/GitHub/JCC_GroepG_PimJanissen_JeroenJanssen/GroepG.Opdracht1.VerzamelApp/src/groepg/opdracht1/verzamelapp/DatabaseMediator.java</file>
            <file>file:/C:/Users/gebruiker-pc/Documents/GitHub/JCC_GroepG_PimJanissen_JeroenJanssen/GroepG.Opdracht1.VerzamelApp/src/groepg/opdracht1/verzamelapp/Voorwerp.java</file>
            <file>file:/C:/Users/gebruiker-pc/Documents/GitHub/JCC_GroepG_PimJanissen_JeroenJanssen/GroepG.Opdracht1.VerzamelApp/src/groepg/opdracht1/verzamelapp/Collectie.java</file>
        </group>
    </open-files>
</project-private>
